{
  "auc_pr": 0.03679706555609205,
  "auc_roc": 0.65165921953044,
  "f1_illicit": 0.033003300330033
}